FID,lat,lon,gid,class
ReAtlas_us_geothermal.299,42.70831008946757,-104.12551824645871,299,3
ReAtlas_us_geothermal.301,43.464704160209756,-100.05457812733903,301,2
ReAtlas_us_geothermal.306,43.50773269947268,-105.27265199606634,306,3
ReAtlas_us_geothermal.312,43.55439077610767,-99.81925397869122,312,3
ReAtlas_us_geothermal.410,41.884785674006196,-90.86186046431794,410,3
ReAtlas_us_geothermal.488,44.5446830227143,-92.25598342255233,488,5
ReAtlas_us_geothermal.679,42.6939994090657,-94.83801376564486,679,5
ReAtlas_us_geothermal.786,34.08361188055696,-97.62571902273237,786,3
ReAtlas_us_geothermal.878,32.801736915186716,-103.46248637159056,878,5
ReAtlas_us_geothermal.862,40.37299689790876,-104.56115117225119,862,3
ReAtlas_us_geothermal.867,32.41905618284485,-93.72071819223709,867,2
ReAtlas_us_geothermal.870,31.797523392594208,-99.30782682930953,870,5
ReAtlas_us_geothermal.875,31.3768770162702,-101.67389982230759,875,5
ReAtlas_us_geothermal.901,33.936403386188694,-99.3542544611683,901,5
ReAtlas_us_geothermal.917,37.24825096550948,-108.7896878980909,917,3
ReAtlas_us_geothermal.931,39.36493276376205,-97.04384346768325,931,4
ReAtlas_us_geothermal.680,36.41760594626308,-96.7115946815693,680,3
ReAtlas_us_geothermal.961,30.94977290185308,-95.35721688883444,961,3
ReAtlas_us_geothermal.964,31.146061598829448,-94.19140728342768,964,3
ReAtlas_us_geothermal.647,36.79187849498995,-100.45910164671545,647,5
ReAtlas_us_geothermal.764,34.37528473185208,-95.04200303993366,764,5
ReAtlas_us_geothermal.658,36.33349005588943,-100.0839228180692,658,3
ReAtlas_us_geothermal.681,35.95872836866077,-102.37624064191226,681,4
ReAtlas_us_geothermal.768,33.95844633227877,-87.04170138973723,768,3
ReAtlas_us_geothermal.671,36.29356178186771,-100.169576140137,671,3
ReAtlas_us_geothermal.691,36.04246550744825,-92.66881997108698,691,3
ReAtlas_us_geothermal.731,34.875130167496856,-95.58363648094735,731,5
ReAtlas_us_geothermal.755,34.70983240375402,-94.33560641825244,755,5
ReAtlas_us_geothermal.708,35.5006314324635,-100.04323203576485,708,5
ReAtlas_us_geothermal.713,36.29553384734412,-101.47261612727124,713,5
ReAtlas_us_geothermal.733,34.7501690119146,-90.54191167327002,733,5
ReAtlas_us_geothermal.720,35.7946008612683,-103.25969647533441,720,5
ReAtlas_us_geothermal.729,34.95861496203365,-95.29185419969156,729,5
ReAtlas_us_geothermal.740,34.70843982996393,-98.16703282800785,740,5
ReAtlas_us_geothermal.757,34.41681110066973,-102.20904221005526,757,5
ReAtlas_us_geothermal.792,34.00020370548928,-99.50086514910288,792,4
ReAtlas_us_geothermal.838,32.50025598190107,-91.50041751955939,838,2
ReAtlas_us_geothermal.761,34.584109439793075,-101.16877971139013,761,4
ReAtlas_us_geothermal.769,34.29211978330554,-95.12521027259999,769,5
ReAtlas_us_geothermal.770,34.80613840008539,-97.30430786608133,770,5
ReAtlas_us_geothermal.793,33.83346614609907,-98.16707051669061,793,3
ReAtlas_us_geothermal.835,32.37516655183026,-87.58345431108413,835,5
ReAtlas_us_geothermal.855,31.83354852622024,-98.70877212390758,855,5
ReAtlas_us_geothermal.802,33.66703051124319,-97.25078114145924,802,5
ReAtlas_us_geothermal.818,33.29189386899778,-98.58406277009811,818,5
ReAtlas_us_geothermal.829,33.00024861242581,-96.75122028711996,829,4
ReAtlas_us_geothermal.601,37.79166105112244,-96.9586662610933,601,4
ReAtlas_us_geothermal.807,34.211237469887116,-99.50903630824723,807,3
ReAtlas_us_geothermal.811,33.58415648741051,-88.9191394369185,811,5
ReAtlas_us_geothermal.812,33.668152285505506,-97.08645302678525,812,5
ReAtlas_us_geothermal.559,38.583407727731675,-102.792288199344,559,2
ReAtlas_us_geothermal.581,38.25012353467585,-91.12528554651703,581,5
ReAtlas_us_geothermal.675,35.70838135604271,-105.45889148030497,675,2
ReAtlas_us_geothermal.509,39.3753552740238,-104.37640354750994,509,3
ReAtlas_us_geothermal.293,43.16773329374797,-104.92060842899423,293,2
ReAtlas_us_geothermal.294,42.87569688341195,-111.5061360587328,294,2
ReAtlas_us_geothermal.303,42.79356658793332,-108.8398219332446,303,4
ReAtlas_us_geothermal.854,31.458467156243913,-105.70888025121423,854,2
ReAtlas_us_geothermal.273,42.58361707426827,-113.54329244856382,273,2
ReAtlas_us_geothermal.249,43.88585931153914,-112.27409787938532,249,1
ReAtlas_us_geothermal.617,37.25014044280337,-103.75089387494131,617,5
ReAtlas_us_geothermal.636,37.04181336112809,-100.00068934211413,636,5
ReAtlas_us_geothermal.369,41.041671987036025,-106.91732610272689,369,3
ReAtlas_us_geothermal.289,42.7084805960047,-109.1263933192258,289,4
ReAtlas_us_geothermal.290,42.79224067167139,-108.96078704588612,290,5
ReAtlas_us_geothermal.274,43.041608521544205,-110.62594125295647,274,2
ReAtlas_us_geothermal.278,42.66660589713469,-110.54245629824396,278,2
ReAtlas_us_geothermal.279,43.166761194633885,-105.66770963954843,279,4
ReAtlas_us_geothermal.281,42.708297076670014,-109.2923807882054,281,3
ReAtlas_us_geothermal.282,42.95903591801114,-110.17051060754164,282,2
ReAtlas_us_geothermal.362,41.45856999157684,-107.08507064051176,362,5
ReAtlas_us_geothermal.285,42.62496038718234,-109.2090404801383,285,3
ReAtlas_us_geothermal.640,36.66670924373878,-104.37558943193798,640,2
ReAtlas_us_geothermal.674,35.54170652648247,-107.45895898365288,674,2
ReAtlas_us_geothermal.872,30.625230005575403,-92.91685889489395,872,5
ReAtlas_us_geothermal.900,30.380028135176012,-91.2146800962829,900,5
ReAtlas_us_geothermal.643,35.70833260462078,-112.7924342210921,643,2
ReAtlas_us_geothermal.650,36.3750357635654,-104.54222681242013,650,2
ReAtlas_us_geothermal.787,33.54174271933084,-105.95889922393917,787,2
ReAtlas_us_geothermal.791,33.45842616326792,-105.79223090497129,791,2
ReAtlas_us_geothermal.844,31.958453744186876,-105.8755526956511,844,2
ReAtlas_us_geothermal.797,32.79174673665595,-109.87565206563602,797,2
ReAtlas_us_geothermal.621,36.41787732054468,-113.29534984321893,621,2
ReAtlas_us_geothermal.809,32.375092394910205,-110.95900712986139,809,2
ReAtlas_us_geothermal.639,35.791671251295845,-112.87577583825211,639,2
ReAtlas_us_geothermal.377,41.4585377203473,-98.54242503822405,377,4
ReAtlas_us_geothermal.629,35.91666379151873,-112.95913092176002,629,2
ReAtlas_us_geothermal.542,38.70836208347369,-104.75057843135312,542,3
ReAtlas_us_geothermal.649,36.45837707286328,-104.45889814145974,649,2
ReAtlas_us_geothermal.652,36.20939864772948,-110.42135494012746,652,3
ReAtlas_us_geothermal.36,49.04175516844629,-101.54222299706873,36,2
ReAtlas_us_geothermal.657,35.20835814556783,-112.54241349274571,657,2
ReAtlas_us_geothermal.550,38.291667162139476,-108.20899168251651,550,2
ReAtlas_us_geothermal.613,37.125029122169884,-104.62556767866249,613,2
ReAtlas_us_geothermal.817,32.29175901059503,-110.12565033946154,817,2
ReAtlas_us_geothermal.268,44.29677240236394,-102.59840655330368,268,5
ReAtlas_us_geothermal.272,44.298472225734486,-102.60243222944382,272,4
ReAtlas_us_geothermal.890,30.041874143893544,-101.54207850163647,890,3
ReAtlas_us_geothermal.661,35.83336903068691,-106.87563111457126,661,2
ReAtlas_us_geothermal.662,35.75005504774738,-107.75069477192648,662,2
ReAtlas_us_geothermal.667,35.041701947476916,-112.4590825635621,667,2
ReAtlas_us_geothermal.663,36.0417750490152,-104.7924174913521,663,2
ReAtlas_us_geothermal.664,35.95838518180498,-104.70890183682516,664,2
ReAtlas_us_geothermal.666,35.95860647767546,-109.33571417546077,666,4
ReAtlas_us_geothermal.669,35.62503585674251,-107.29229674005444,669,2
ReAtlas_us_geothermal.670,36.12608772803081,-105.0862806133863,670,2
ReAtlas_us_geothermal.254,43.54161735679209,-107.87572004063682,254,2
ReAtlas_us_geothermal.270,43.375550558442654,-107.71026719788782,270,2
ReAtlas_us_geothermal.673,35.916882577624335,-105.95956761502441,673,2
ReAtlas_us_geothermal.676,35.833371487786,-106.20904679746735,676,2
ReAtlas_us_geothermal.677,34.87502064748116,-112.37574277615164,677,2
ReAtlas_us_geothermal.678,35.91687520112705,-106.62669367155934,678,1
ReAtlas_us_geothermal.684,35.20840267965609,-108.50065601024522,684,2
ReAtlas_us_geothermal.683,35.166861931944574,-111.4596882867879,683,5
ReAtlas_us_geothermal.685,34.70836979052387,-112.29240884019507,685,2
ReAtlas_us_geothermal.686,35.08405768977544,-113.00331049290861,686,1
ReAtlas_us_geothermal.687,35.125046175925384,-108.70899245661482,687,2
ReAtlas_us_geothermal.690,35.29171959170318,-106.45890593254879,690,2
ReAtlas_us_geothermal.693,35.083376530917704,-108.37566882689364,693,2
ReAtlas_us_geothermal.695,35.2083866729601,-106.62561611689742,695,2
ReAtlas_us_geothermal.823,31.958425144166334,-110.62564924889924,823,2
ReAtlas_us_geothermal.803,32.62508081680429,-110.45899129788233,803,2
ReAtlas_us_geothermal.692,35.291819394250965,-108.00104944199603,692,3
ReAtlas_us_geothermal.696,35.250158444331014,-107.0842839994555,696,1
ReAtlas_us_geothermal.741,34.12509591545505,-107.66729803178848,741,2
ReAtlas_us_geothermal.738,33.8752230880717,-111.54287891548557,738,2
ReAtlas_us_geothermal.700,35.12504695723748,-107.54238271943933,700,2
ReAtlas_us_geothermal.830,31.791759787044334,-110.29231131387525,830,2
ReAtlas_us_geothermal.703,34.416708888769655,-112.04242187671608,703,2
ReAtlas_us_geothermal.704,35.1264245294537,-111.2551980147064,704,5
ReAtlas_us_geothermal.730,34.50007740850812,-106.62562296364499,730,2
ReAtlas_us_geothermal.765,33.12506026642175,-112.87574635219812,765,2
ReAtlas_us_geothermal.706,34.87505561143432,-108.29235912212687,706,2
ReAtlas_us_geothermal.707,34.20842867176784,-112.6257970494903,707,2
ReAtlas_us_geothermal.711,34.166794712715,-113.00091114474691,711,2
ReAtlas_us_geothermal.253,43.37495246242484,-109.95908476753169,253,2
ReAtlas_us_geothermal.714,34.666737707309494,-108.41737715703766,714,2
ReAtlas_us_geothermal.715,36.2965697924869,-111.36127385400201,715,4
ReAtlas_us_geothermal.718,34.79178816010102,-106.87578002322411,718,1
ReAtlas_us_geothermal.717,34.166817917120305,-112.25088510692393,717,2
ReAtlas_us_geothermal.721,34.458384066917425,-108.54229381325993,721,2
ReAtlas_us_geothermal.726,34.41672426482313,-109.29240031886926,726,2
ReAtlas_us_geothermal.727,33.875099145915854,-113.29272639292657,727,2
ReAtlas_us_geothermal.728,33.95838838368165,-111.29237527296013,728,2
ReAtlas_us_geothermal.736,34.54178422003713,-107.45949568061533,736,2
ReAtlas_us_geothermal.763,33.2083913432739,-112.54240197025453,763,2
ReAtlas_us_geothermal.759,33.20838787005026,-112.79241146593063,759,2
ReAtlas_us_geothermal.762,34.08396007691079,-108.12709392423471,762,2
ReAtlas_us_geothermal.771,33.04172483417151,-112.95909050802311,771,2
ReAtlas_us_geothermal.772,34.000246041444356,-106.87619997343023,772,2
ReAtlas_us_geothermal.774,33.41679108851347,-110.70924116471647,774,2
ReAtlas_us_geothermal.776,33.041727470533374,-112.29239444332728,776,2
ReAtlas_us_geothermal.777,33.70843567262034,-106.58395626822946,777,2
ReAtlas_us_geothermal.779,33.3750653992655,-111.50097514430607,779,2
ReAtlas_us_geothermal.780,33.541973170982764,-111.33535340027652,780,2
ReAtlas_us_geothermal.781,33.625108430384564,-106.33393673114128,781,2
ReAtlas_us_geothermal.168,44.95834744630273,-85.45839372536824,168,5
ReAtlas_us_geothermal.783,32.87509073726561,-113.08418436524636,783,2
ReAtlas_us_geothermal.804,32.458431820298955,-111.62564597659815,804,2
ReAtlas_us_geothermal.806,32.458419068537495,-111.12567891808152,806,2
ReAtlas_us_geothermal.810,32.45841891322346,-110.29232825283518,810,2
ReAtlas_us_geothermal.814,32.37508608620636,-110.20898844414356,814,2
ReAtlas_us_geothermal.816,32.167894822708504,-113.12721746318746,816,1
ReAtlas_us_geothermal.815,32.83342813087654,-105.79224591492414,815,2
ReAtlas_us_geothermal.819,32.58366888396056,-107.00080524979825,819,2
ReAtlas_us_geothermal.558,37.70833106787345,-112.2924460550945,558,2
ReAtlas_us_geothermal.552,37.958502043590286,-112.54303501818677,552,2
ReAtlas_us_geothermal.554,38.250259280721714,-110.33489135557511,554,3
ReAtlas_us_geothermal.820,32.08342601954484,-110.70901176228304,820,2
ReAtlas_us_geothermal.821,32.62510877284961,-105.87559548962815,821,2
ReAtlas_us_geothermal.822,32.50010376957264,-106.708930833929,822,2
ReAtlas_us_geothermal.825,31.87511284589234,-110.5006741004498,825,2
ReAtlas_us_geothermal.831,32.04182046277209,-108.79244943356511,831,3
ReAtlas_us_geothermal.832,32.834773815610774,-107.33940106668399,832,1
ReAtlas_us_geothermal.826,32.04181084769428,-110.12591339904338,826,2
ReAtlas_us_geothermal.827,32.16686038781021,-108.83425298498642,827,2
ReAtlas_us_geothermal.828,31.95859102626624,-111.20965026868805,828,1
ReAtlas_us_geothermal.837,32.08347045387674,-106.33395199846078,837,2
ReAtlas_us_geothermal.833,32.3334480744171,-105.79228078902696,833,2
ReAtlas_us_geothermal.794,33.54720004613678,-110.17577104543713,794,2
ReAtlas_us_geothermal.583,37.875004669137674,-105.37558323674034,583,2
ReAtlas_us_geothermal.834,32.20854362468794,-106.66746469602012,834,2
ReAtlas_us_geothermal.843,31.958445374859522,-106.8756029515946,843,2
ReAtlas_us_geothermal.836,31.916864440981172,-108.7507869003538,836,2
ReAtlas_us_geothermal.839,32.00009627475205,-106.54228284394233,839,2
ReAtlas_us_geothermal.840,32.08344012733316,-107.20901954037666,840,2
ReAtlas_us_geothermal.842,32.20876930347929,-106.9601075625769,842,3
ReAtlas_us_geothermal.795,32.958413218962875,-109.29231417098651,795,2
ReAtlas_us_geothermal.845,31.958550483836312,-106.66744356014843,845,2
ReAtlas_us_geothermal.846,31.87510344086798,-106.4588967910999,846,2
ReAtlas_us_geothermal.851,31.625125601392504,-106.20888764775873,851,2
ReAtlas_us_geothermal.847,32.00021194711367,-106.41751413180512,847,3
ReAtlas_us_geothermal.848,31.87511027490845,-105.95888188761324,848,2
ReAtlas_us_geothermal.849,31.791950829610457,-106.20915525630534,849,2
ReAtlas_us_geothermal.546,38.04168362450813,-110.8340914551784,546,5
ReAtlas_us_geothermal.852,31.541902435856485,-106.00060174254003,852,2
ReAtlas_us_geothermal.799,32.91675007367567,-108.95899000420016,799,1
ReAtlas_us_geothermal.800,33.04217562064269,-109.58507408836311,800,3
ReAtlas_us_geothermal.801,32.79173235973041,-109.37561973547773,801,2
ReAtlas_us_geothermal.528,38.083323070200606,-113.0008872615183,528,1
ReAtlas_us_geothermal.541,38.041663061922705,-111.87577503563318,541,2
ReAtlas_us_geothermal.129,45.708325627539544,-86.62516452862008,129,5
ReAtlas_us_geothermal.539,38.166722860198696,-111.95937163456313,539,2
ReAtlas_us_geothermal.543,38.08343882941522,-112.08446874619756,543,2
ReAtlas_us_geothermal.545,37.79176306538565,-113.50108102875146,545,2
ReAtlas_us_geothermal.566,37.54165879121142,-112.2091565094058,566,2
ReAtlas_us_geothermal.568,37.375866290707165,-113.29322507225956,568,2
ReAtlas_us_geothermal.569,37.37501843387376,-112.41747639958402,569,2
ReAtlas_us_geothermal.570,38.208370223601264,-104.83401004736555,570,2
ReAtlas_us_geothermal.572,38.20835078868272,-104.70894045961421,572,2
ReAtlas_us_geothermal.785,32.70840143983666,-113.20908838165431,785,2
ReAtlas_us_geothermal.574,37.29177332900027,-112.66752380926047,574,2
ReAtlas_us_geothermal.575,38.0416745443713,-105.54224883710219,575,2
ReAtlas_us_geothermal.580,37.95837861685465,-105.45893354763126,580,2
ReAtlas_us_geothermal.587,37.958706854295535,-105.04304418990208,587,2
ReAtlas_us_geothermal.591,37.708357668588796,-104.70890026435848,591,2
ReAtlas_us_geothermal.604,37.66674079479671,-105.87614364493038,604,2
ReAtlas_us_geothermal.788,32.91675352753189,-111.79241373646744,788,2
ReAtlas_us_geothermal.796,32.8750863326261,-110.54238945869156,796,2
ReAtlas_us_geothermal.789,32.62516840526016,-113.50082617762413,789,2
ReAtlas_us_geothermal.469,38.95832216402326,-111.4591054393945,469,2
ReAtlas_us_geothermal.480,38.75032097639492,-113.87682869391705,480,3
ReAtlas_us_geothermal.798,33.08346698822609,-108.37585107583078,798,1
ReAtlas_us_geothermal.250,43.37495295343976,-110.04241671623797,250,2
ReAtlas_us_geothermal.805,33.166928318057295,-106.12594927571371,805,1
ReAtlas_us_geothermal.808,33.00009626488901,-105.70891074295915,808,2
ReAtlas_us_geothermal.361,40.749989284154076,-111.79248590860362,361,2
ReAtlas_us_geothermal.383,40.374963318096995,-111.37577202274255,383,2
ReAtlas_us_geothermal.389,40.45841599783468,-111.75129791254031,389,2
ReAtlas_us_geothermal.395,40.7916654147461,-105.20889992840898,395,2
ReAtlas_us_geothermal.256,43.708352136353426,-86.45843795755016,256,5
ReAtlas_us_geothermal.873,31.08647345904243,-88.8811802884359,873,3
ReAtlas_us_geothermal.397,40.166659966146476,-111.50085106577214,397,1
ReAtlas_us_geothermal.430,39.499968979847075,-111.79249515852092,430,2
ReAtlas_us_geothermal.877,30.375205934606143,-89.20839057234761,877,3
ReAtlas_us_geothermal.880,30.29356524444816,-85.41971004404613,880,3
ReAtlas_us_geothermal.403,40.70869039187294,-105.54277806476077,403,2
ReAtlas_us_geothermal.444,39.29164001487179,-111.95912255036023,444,2
ReAtlas_us_geothermal.864,31.04239243160005,-87.54247166886873,864,3
ReAtlas_us_geothermal.411,40.5001063433991,-106.00099003486929,411,1
ReAtlas_us_geothermal.412,39.45828573085048,-114.04251176733018,412,2
ReAtlas_us_geothermal.413,39.95841788975316,-110.58435308085583,413,3
ReAtlas_us_geothermal.420,40.291654588713854,-104.37553813997883,420,2
ReAtlas_us_geothermal.422,39.37497890845058,-114.25108984059352,422,2
ReAtlas_us_geothermal.424,40.41702198205465,-104.95995109367612,424,1
ReAtlas_us_geothermal.429,39.583489711625866,-111.54267403059902,429,2
ReAtlas_us_geothermal.441,40.04168336543623,-104.66723396580105,441,2
ReAtlas_us_geothermal.434,40.125036550019786,-106.41751417452349,434,2
ReAtlas_us_geothermal.452,39.124980842056715,-112.12579125342424,452,2
ReAtlas_us_geothermal.435,39.87504482705133,-108.37587589026816,435,3
ReAtlas_us_geothermal.436,39.3749661728492,-111.87578875621969,436,2
ReAtlas_us_geothermal.515,39.166730189206405,-105.04236180359683,515,2
ReAtlas_us_geothermal.495,38.66667467654647,-112.33420062983177,495,3
ReAtlas_us_geothermal.298,42.541812451063336,-107.79272751026045,298,3
ReAtlas_us_geothermal.313,41.87496439036089,-110.12574079998842,313,3
ReAtlas_us_geothermal.319,42.041702109168455,-107.62587940805167,319,5
ReAtlas_us_geothermal.325,41.499948379882255,-111.70914383944825,325,2
ReAtlas_us_geothermal.337,40.874938400311585,-114.2925591005386,337,2
ReAtlas_us_geothermal.336,41.95856859066311,-107.66844112665041,336,5
ReAtlas_us_geothermal.342,42.45958657046086,-102.96421671985388,342,3
ReAtlas_us_geothermal.107,46.70894806666143,-107.21157384879669,107,2
ReAtlas_us_geothermal.359,41.70879276087951,-105.33583213946429,359,5
ReAtlas_us_geothermal.374,40.87500078113613,-109.00083719000605,374,4
ReAtlas_us_geothermal.363,41.87608731219917,-101.170048585995,363,4
ReAtlas_us_geothermal.366,41.751052654595874,-105.42176845707053,366,5
ReAtlas_us_geothermal.393,41.20851568275709,-102.04279624628634,393,3
ReAtlas_us_geothermal.402,41.33479237578321,-103.58906716864169,402,4
ReAtlas_us_geothermal.244,43.45829214310356,-110.04242094408158,244,2
ReAtlas_us_geothermal.264,43.25022123294804,-110.16808548284465,264,1
ReAtlas_us_geothermal.869,30.583539014037598,-87.20833941972253,869,3
ReAtlas_us_geothermal.382,41.33350393252542,-103.54296678163485,382,5
ReAtlas_us_geothermal.557,39.7844771155639,-99.54158269292054,557,4
ReAtlas_us_geothermal.27,49.33336394632203,-95.00037918715282,27,5
ReAtlas_us_geothermal.31,49.041771747312076,-103.45893441421623,31,2
ReAtlas_us_geothermal.32,48.58368147437875,-112.87833759700902,32,3
ReAtlas_us_geothermal.920,29.375520344260387,-103.37605643933074,920,2
ReAtlas_us_geothermal.263,44.211361107320236,-102.67479471722748,263,5
ReAtlas_us_geothermal.243,43.45840237014794,-110.25085236261125,243,2
ReAtlas_us_geothermal.246,43.41663188064639,-110.50086361826138,246,2
ReAtlas_us_geothermal.237,43.54173377432009,-110.25085852331816,237,2
ReAtlas_us_geothermal.220,43.95829637850526,-110.04243907284439,220,2
ReAtlas_us_geothermal.208,43.95826918244379,-111.04246194554543,208,2
ReAtlas_us_geothermal.228,43.83347507994442,-110.29269534422221,228,2
ReAtlas_us_geothermal.882,30.291933670267817,-90.37525424947296,882,4
ReAtlas_us_geothermal.229,43.749997026196446,-110.95928050205083,229,3
ReAtlas_us_geothermal.212,43.95828154749822,-110.62579198251791,212,2
ReAtlas_us_geothermal.183,44.37495188417015,-110.37578115959008,183,1
ReAtlas_us_geothermal.199,44.16680557510597,-110.45938401513786,199,1
ReAtlas_us_geothermal.887,30.083557970744536,-89.41678509487687,887,3
ReAtlas_us_geothermal.193,44.20834185556863,-110.70918726255346,193,1
ReAtlas_us_geothermal.190,44.20829412612664,-111.00083135857292,190,1
ReAtlas_us_geothermal.218,44.33419692782481,-110.46235381101192,218,2
ReAtlas_us_geothermal.871,30.50023580856943,-88.91676739808779,871,2
ReAtlas_us_geothermal.179,44.166700300829895,-112.83440594369222,179,2
ReAtlas_us_geothermal.173,44.37502031206426,-113.16810456904034,173,2
ReAtlas_us_geothermal.241,44.80767106240686,-108.70200730291162,241,4
ReAtlas_us_geothermal.204,44.335713575775806,-114.09383602437549,204,2
ReAtlas_us_geothermal.17,48.79384248252108,-112.21215681251005,17,5
ReAtlas_us_geothermal.217,46.33226458884621,-116.41294530266285,217,3
ReAtlas_us_geothermal.191,44.2082810262639,-110.87579210849518,191,1
ReAtlas_us_geothermal.5,49.04162345417483,-117.58449270536309,5,2
ReAtlas_us_geothermal.6,48.95828616132024,-117.41781356460382,6,2
ReAtlas_us_geothermal.7,49.00068785988358,-117.08510587628973,7,2
ReAtlas_us_geothermal.8,48.95840716376497,-116.5011866172218,8,2
ReAtlas_us_geothermal.9,48.875295476121934,-117.04301559097274,9,2
ReAtlas_us_geothermal.404,42.84863542459197,-84.69838723441259,404,5
ReAtlas_us_geothermal.672,34.62518016243675,-77.29136749249301,672,5
ReAtlas_us_geothermal.698,34.50052545248974,-77.62586415675901,698,5
ReAtlas_us_geothermal.113,46.08347667289598,-84.00022148717815,113,5
ReAtlas_us_geothermal.853,35.310535590969494,-79.9553903868665,853,5
ReAtlas_us_geothermal.879,37.62656005336803,-83.86298291637218,879,5
ReAtlas_us_geothermal.857,30.79189782197689,-81.45816895325066,857,5
ReAtlas_us_geothermal.888,33.68238450922361,-84.7820520973981,888,5
ReAtlas_us_geothermal.958,32.98092815459775,-79.5313674366241,958,5
ReAtlas_us_geothermal.891,29.95854528765242,-89.20838732288288,891,5
ReAtlas_us_geothermal.874,30.20870419054669,-85.45852277044315,874,3
ReAtlas_us_geothermal.876,30.29189766579257,-87.91669770355674,876,3
ReAtlas_us_geothermal.884,29.833571986433263,-85.33332913556973,884,3
ReAtlas_us_geothermal.892,30.04197926415685,-89.83362902956745,892,4
ReAtlas_us_geothermal.893,29.875238297891514,-89.33341673145588,893,5
ReAtlas_us_geothermal.894,30.000363696728286,-89.37539716674112,894,4
ReAtlas_us_geothermal.899,30.043157039341594,-90.00178914037025,899,5
ReAtlas_us_geothermal.697,35.54177994485818,-89.50020534380042,697,3
ReAtlas_us_geothermal.712,34.33421246229163,-78.58472994847975,712,3
ReAtlas_us_geothermal.933,28.62536887083617,-99.00050611277823,933,4
ReAtlas_us_geothermal.760,33.20851845543122,-79.20812331873123,760,5
ReAtlas_us_geothermal.773,33.71028781705354,-81.67005974428787,773,3
ReAtlas_us_geothermal.775,33.8751163081145,-87.12502238314349,775,3
ReAtlas_us_geothermal.494,38.08347337855424,-75.7913664752439,494,3
ReAtlas_us_geothermal.824,32.70864264203697,-88.12551236418628,824,5
ReAtlas_us_geothermal.841,33.23699609913794,-80.72112196055772,841,4
ReAtlas_us_geothermal.540,37.958468404725345,-79.45811597970754,540,5
ReAtlas_us_geothermal.532,38.166804715017484,-79.29152281467444,532,5
ReAtlas_us_geothermal.470,38.791793007131226,-79.29145305614819,470,5
ReAtlas_us_geothermal.533,38.166804905508485,-79.37485808809404,533,5
ReAtlas_us_geothermal.544,37.87514329409532,-79.54145409629751,544,5
ReAtlas_us_geothermal.547,38.04179986627975,-80.54154402935995,547,3
ReAtlas_us_geothermal.396,39.37511825648003,-75.20796249215712,396,5
ReAtlas_us_geothermal.551,37.87519524098291,-79.45830669370571,551,5
ReAtlas_us_geothermal.593,37.45904072577004,-82.042983159806,593,4
ReAtlas_us_geothermal.927,29.25030234748369,-98.62550250732892,927,5
ReAtlas_us_geothermal.813,33.37537141180882,-88.16777774832244,813,3
ReAtlas_us_geothermal.471,38.79179059654811,-79.37479506765109,471,5
ReAtlas_us_geothermal.472,38.87511728579719,-80.04149009467818,472,3
ReAtlas_us_geothermal.432,39.333445097271884,-79.29147719915193,432,3
ReAtlas_us_geothermal.918,29.45859545237363,-94.91690353146066,918,5
ReAtlas_us_geothermal.426,39.458462577272925,-78.99989896137524,426,5
ReAtlas_us_geothermal.481,38.791785278507874,-80.12482295158463,481,3
ReAtlas_us_geothermal.438,39.250114736524786,-79.04146722411912,438,5
ReAtlas_us_geothermal.440,39.25011143675313,-79.12480619719204,440,5
ReAtlas_us_geothermal.916,29.458627693109086,-99.29204187419134,916,3
ReAtlas_us_geothermal.915,29.54191378222263,-97.54195897205489,915,4
ReAtlas_us_geothermal.446,39.16679816810662,-79.37482416937283,446,3
ReAtlas_us_geothermal.451,39.08345567595005,-79.20814142254034,451,5
ReAtlas_us_geothermal.912,29.6252386655937,-94.708542461766,912,5
ReAtlas_us_geothermal.908,29.70855505781416,-92.12514559478166,908,5
ReAtlas_us_geothermal.460,39.00014771396973,-79.16662342759938,460,5
ReAtlas_us_geothermal.104,46.37506320120203,-84.20844897958594,104,5
ReAtlas_us_geothermal.461,38.916788968781574,-79.29148307057355,461,5
ReAtlas_us_geothermal.462,39.37599896099893,-79.54445344123266,462,3
ReAtlas_us_geothermal.464,38.95845036100192,-80.04149491624389,464,4
ReAtlas_us_geothermal.467,38.87656718973284,-75.67214462879838,467,5
ReAtlas_us_geothermal.473,38.87511985971009,-80.12482456301939,473,4
ReAtlas_us_geothermal.352,41.50440192001753,-79.42802429656922,352,4
ReAtlas_us_geothermal.407,42.35457348024598,-76.97138585143799,407,5
ReAtlas_us_geothermal.134,44.7922714753824,-122.59626600816358,134,5
ReAtlas_us_geothermal.126,43.70837515491316,-122.62750484124251,126,4
ReAtlas_us_geothermal.127,43.58324770446807,-122.62668602937407,127,3
ReAtlas_us_geothermal.132,44.70876884487074,-122.71953666129104,132,5
ReAtlas_us_geothermal.482,38.79178273985114,-80.2081174014738,482,4
ReAtlas_us_geothermal.485,38.29191427241527,-76.49996320996382,485,4
ReAtlas_us_geothermal.490,38.708459498404274,-80.2081459660672,490,3
ReAtlas_us_geothermal.491,38.6260156042045,-75.79532180667042,491,4
ReAtlas_us_geothermal.493,38.70846135874365,-80.291500973898,493,4
ReAtlas_us_geothermal.517,39.878061686094476,-81.84990959995898,517,4
ReAtlas_us_geothermal.910,29.708799552187898,-94.4169553556186,910,5
ReAtlas_us_geothermal.510,38.54180069885726,-79.37488686619514,510,5
ReAtlas_us_geothermal.512,38.541797997342535,-79.45822287560938,512,5
ReAtlas_us_geothermal.514,39.042835624781205,-79.75420834485936,514,3
ReAtlas_us_geothermal.522,38.667848024415946,-79.91938687196262,522,3
ReAtlas_us_geothermal.584,38.796397899673764,-79.98066788732905,584,4
ReAtlas_us_geothermal.302,42.50442212186773,-77.01435361007631,302,4
ReAtlas_us_geothermal.309,41.875125653960595,-80.9582322962645,309,5
ReAtlas_us_geothermal.314,41.79174243363395,-81.24987789721649,314,5
ReAtlas_us_geothermal.328,41.41691863986929,-79.62531146246076,328,3
ReAtlas_us_geothermal.331,41.62506512812327,-82.79160700055994,331,5
ReAtlas_us_geothermal.340,41.45948358673817,-79.58664456657132,340,3
ReAtlas_us_geothermal.135,43.24984681841877,-122.8762239241754,135,4
ReAtlas_us_geothermal.151,43.08321229782374,-122.83484026190814,151,3
ReAtlas_us_geothermal.160,42.91658313747563,-122.96001199475083,160,5
ReAtlas_us_geothermal.163,42.916577523677645,-122.87667244275093,163,4
ReAtlas_us_geothermal.519,38.29165679209134,-112.04244238236629,519,2
ReAtlas_us_geothermal.164,42.7498602754223,-122.70954097030636,164,3
ReAtlas_us_geothermal.165,43.33335798088761,-122.54511648431557,165,3
ReAtlas_us_geothermal.524,38.29165845349981,-111.54243116402935,524,2
ReAtlas_us_geothermal.94,44.7498591700682,-122.20958335617152,94,3
ReAtlas_us_geothermal.96,44.749855223711066,-122.29298056018567,96,4
ReAtlas_us_geothermal.105,44.41652836968143,-122.29297413608012,105,3
ReAtlas_us_geothermal.108,44.3331696692634,-122.37631006789317,108,4
ReAtlas_us_geothermal.530,38.58333479119408,-108.79237325381041,530,4
ReAtlas_us_geothermal.535,38.458675286981325,-111.71059707386397,535,2
ReAtlas_us_geothermal.111,44.08317069703686,-122.37619368123654,111,3
ReAtlas_us_geothermal.561,38.37503631620388,-104.83391579072497,561,2
ReAtlas_us_geothermal.112,44.12486011357394,-122.2929303949274,112,3
ReAtlas_us_geothermal.115,43.91651669309803,-122.45954701526816,115,3
ReAtlas_us_geothermal.565,38.25001315607321,-105.20893253739774,565,3
ReAtlas_us_geothermal.564,39.08440132252375,-105.34038991530218,564,2
ReAtlas_us_geothermal.123,43.66653796183977,-122.37620101124588,123,2
ReAtlas_us_geothermal.297,42.04164722118246,-111.7091376404799,297,2
ReAtlas_us_geothermal.58,46.3331789934102,-122.29294260791565,58,5
ReAtlas_us_geothermal.106,44.45819495839548,-122.20966726486682,106,3
ReAtlas_us_geothermal.360,41.374991569676816,-105.12555710154194,360,5
ReAtlas_us_geothermal.856,31.375138711607043,-105.62553531913176,856,2
ReAtlas_us_geothermal.53,46.49984769016792,-122.2096124278348,53,5
ReAtlas_us_geothermal.75,45.458181363173175,-121.79289847559684,75,2
ReAtlas_us_geothermal.95,44.74985287087044,-122.12625020511922,95,3
ReAtlas_us_geothermal.61,46.333176935772144,-122.12633750268537,61,4
ReAtlas_us_geothermal.21,47.750029232546034,-122.0462686843795,21,5
ReAtlas_us_geothermal.22,47.83354202324811,-121.96475188160281,22,5
ReAtlas_us_geothermal.88,45.750024138287955,-122.12932306072986,88,3
ReAtlas_us_geothermal.283,40.33331946014121,-124.16823940520621,283,3
ReAtlas_us_geothermal.287,40.333568398678324,-124.04391020709826,287,4
ReAtlas_us_geothermal.782,32.70838970881305,-113.7091075074949,782,2
ReAtlas_us_geothermal.778,33.208551656010634,-113.62685059641026,778,2
ReAtlas_us_geothermal.40,46.66650867266065,-122.1262800708223,40,5
ReAtlas_us_geothermal.49,46.541505194915,-122.04290778625855,49,4
ReAtlas_us_geothermal.48,46.624863271844,-122.08473681142848,48,5
ReAtlas_us_geothermal.43,47.79212437360205,-121.96832583261741,43,4
ReAtlas_us_geothermal.292,40.04154883540138,-123.87616533545167,292,4
ReAtlas_us_geothermal.219,42.541891499058224,-122.96242650240671,219,5
ReAtlas_us_geothermal.180,42.29154179734311,-124.25148707746672,180,4
ReAtlas_us_geothermal.1,48.958204093677956,-122.54298102749246,1,5
ReAtlas_us_geothermal.3,48.874883334334086,-122.37654153881016,3,5
ReAtlas_us_geothermal.197,41.95817917337132,-124.12627759696161,197,4
ReAtlas_us_geothermal.202,42.37488682287162,-122.66820492378076,202,4
ReAtlas_us_geothermal.234,41.791553183960545,-122.37621423075015,234,3
ReAtlas_us_geothermal.280,41.838286136196984,-123.3571156027206,280,5
ReAtlas_us_geothermal.307,41.422400195458266,-123.36298909070496,307,5
ReAtlas_us_geothermal.29,46.79150809852296,-122.04292153268736,29,5
ReAtlas_us_geothermal.850,38.98097602087205,-114.43527529509166,850,2
ReAtlas_us_geothermal.390,40.50084823700998,-114.37985325616913,390,3
ReAtlas_us_geothermal.419,39.29172374462253,-115.16802408190713,419,2
ReAtlas_us_geothermal.442,38.95829315747593,-114.45919200943007,442,2
ReAtlas_us_geothermal.571,38.47322336901955,-115.25366301630206,571,3
ReAtlas_us_geothermal.536,38.541661547479265,-108.12565605637974,536,2
ReAtlas_us_geothermal.537,38.83368785172562,-107.12663225336311,537,1
ReAtlas_us_geothermal.255,41.37489020088957,-122.29281763157869,255,4
ReAtlas_us_geothermal.259,41.66658965689411,-121.08463245946413,259,3
ReAtlas_us_geothermal.504,38.75000720556683,-110.58415804158562,504,4
ReAtlas_us_geothermal.614,37.16675595049877,-105.37584678124867,614,1
ReAtlas_us_geothermal.616,37.41878415979998,-107.29780610751072,616,1
ReAtlas_us_geothermal.625,37.08361184290856,-106.16835465005633,625,1
ReAtlas_us_geothermal.646,38.60330238231865,-106.98526916857392,646,1
ReAtlas_us_geothermal.288,42.54162370119078,-109.12570468188062,288,3
ReAtlas_us_geothermal.291,42.29207690162936,-112.75236495386594,291,2
ReAtlas_us_geothermal.902,29.70857821290744,-89.58343218604588,902,5
ReAtlas_us_geothermal.859,31.292130406870783,-105.79284612160527,859,2
ReAtlas_us_geothermal.373,41.89776069840966,-106.98737470413741,373,4
ReAtlas_us_geothermal.276,42.24996940976549,-114.8346938554131,276,3
ReAtlas_us_geothermal.316,41.79162152025932,-111.62590167260964,316,2
ReAtlas_us_geothermal.318,41.87503481107285,-109.62596922171389,318,3
ReAtlas_us_geothermal.378,40.12494106762581,-113.87584966614725,378,2
ReAtlas_us_geothermal.338,41.24995552721983,-111.79248978653229,338,2
ReAtlas_us_geothermal.350,41.37499600107343,-107.08400524642855,350,5
ReAtlas_us_geothermal.354,41.16737940297637,-110.41897767083796,354,3
ReAtlas_us_geothermal.367,41.901995490792196,-118.59733408627761,367,1
ReAtlas_us_geothermal.365,40.291615354663286,-113.9592027146526,365,2
ReAtlas_us_geothermal.511,37.33492613938297,-121.79690192744565,511,2
ReAtlas_us_geothermal.381,40.958583458587974,-106.25073498711214,381,2
ReAtlas_us_geothermal.387,40.87501164750317,-105.91728649588234,387,2
ReAtlas_us_geothermal.477,41.698366561446605,-113.75232517900864,477,1
ReAtlas_us_geothermal.896,29.916928334358992,-101.79217625854949,896,2
ReAtlas_us_geothermal.723,33.66672620163036,-114.33420628470449,723,1
ReAtlas_us_geothermal.358,40.12494175705926,-116.04259265204126,358,2
ReAtlas_us_geothermal.702,34.20838620133396,-114.00089949349447,702,2
ReAtlas_us_geothermal.694,34.54194667111183,-113.66806614925676,694,1
ReAtlas_us_geothermal.637,35.79191958452435,-114.33479032407709,637,1
ReAtlas_us_geothermal.863,30.875151078656437,-105.29219730484286,863,2
ReAtlas_us_geothermal.609,36.20838945042647,-114.12586305783643,609,2
ReAtlas_us_geothermal.527,37.874982472805904,-114.1258380979096,527,2
ReAtlas_us_geothermal.861,30.95848335107229,-105.37551653245836,861,2
ReAtlas_us_geothermal.521,37.999994994474,-114.00090249153092,521,2
ReAtlas_us_geothermal.507,38.208304006933915,-113.87582713923138,507,2
ReAtlas_us_geothermal.602,37.08684329130634,-114.67657469218395,602,2
ReAtlas_us_geothermal.525,38.20934443081647,-115.17124693995035,525,3
ReAtlas_us_geothermal.578,37.45992644375925,-117.30060651806531,578,1
ReAtlas_us_geothermal.356,38.958252204560324,-122.4594685611647,356,2
ReAtlas_us_geothermal.326,39.79158566368628,-121.66779282818314,326,5
ReAtlas_us_geothermal.329,39.70834180390795,-121.7511901379709,329,5
ReAtlas_us_geothermal.322,39.874916989168014,-121.50113840258004,322,5
ReAtlas_us_geothermal.214,43.54158350075343,-113.9592331571993,214,2
ReAtlas_us_geothermal.323,39.79158358217334,-121.83447563480632,323,4
ReAtlas_us_geothermal.320,39.87489097444583,-121.62612332133506,320,4
ReAtlas_us_geothermal.321,39.95834657025288,-121.25117759876673,321,5
ReAtlas_us_geothermal.19,47.79156362925877,-117.70942778556264,19,2
ReAtlas_us_geothermal.18,48.250834134125896,-116.87903776278364,18,3
ReAtlas_us_geothermal.405,39.58374742043395,-116.00250262777044,405,3
ReAtlas_us_geothermal.251,41.499888197818926,-122.20951208931083,251,3
ReAtlas_us_geothermal.414,38.58324927660411,-119.25112786554985,414,2
ReAtlas_us_geothermal.415,38.37518280679651,-121.83571142316842,415,4
ReAtlas_us_geothermal.860,31.08347950869628,-105.45886543994459,860,2
ReAtlas_us_geothermal.262,41.333229160823,-122.12616765536441,262,3
ReAtlas_us_geothermal.305,41.8335292819293,-113.75182308776922,305,1
ReAtlas_us_geothermal.310,41.250096905746965,-116.79341278825612,310,1
ReAtlas_us_geothermal.109,46.670262634942375,-115.52218356390713,109,2
ReAtlas_us_geothermal.133,44.04155800815334,-118.70942059849452,133,2
ReAtlas_us_geothermal.26,46.87484205951463,-121.87624752622813,26,5
ReAtlas_us_geothermal.35,47.58325357452651,-117.12609534617246,35,2
ReAtlas_us_geothermal.428,38.125284968091705,-121.2935591408762,428,5
ReAtlas_us_geothermal.562,36.12497509106345,-120.54267454035943,562,2
ReAtlas_us_geothermal.549,36.666630311950954,-119.4593390580487,549,5
ReAtlas_us_geothermal.555,36.583401965180954,-119.83448128442078,555,3
ReAtlas_us_geothermal.538,36.79163205301012,-119.54265874882563,538,5
ReAtlas_us_geothermal.560,36.66681453860907,-119.46001184567362,560,5
ReAtlas_us_geothermal.523,36.54163931553204,-121.70941887919352,523,3
ReAtlas_us_geothermal.858,31.29180472150245,-105.54219726475418,858,2
ReAtlas_us_geothermal.196,46.895128839102874,-105.08385779571154,196,3
ReAtlas_us_geothermal.531,36.8750200940441,-119.79271288205663,531,5
ReAtlas_us_geothermal.725,33.541693895265425,-114.7090845609348,725,2
ReAtlas_us_geothermal.506,36.87496389088567,-121.37606822658876,506,2
ReAtlas_us_geothermal.556,36.50031361194729,-121.21094216024011,556,2
ReAtlas_us_geothermal.548,36.58375815956215,-121.58618623736348,548,3
ReAtlas_us_geothermal.166,43.458220907037884,-118.54273533835038,166,2
ReAtlas_us_geothermal.200,42.708484602726124,-120.75193552419904,200,1
ReAtlas_us_geothermal.176,43.250002382722506,-119.50159149571732,176,1
ReAtlas_us_geothermal.206,44.541660014454266,-104.6255478196631,206,5
ReAtlas_us_geothermal.131,44.041552001201765,-118.87607563805895,131,2
ReAtlas_us_geothermal.92,45.041527043890326,-120.95952794513707,92,2
ReAtlas_us_geothermal.167,43.83428416662736,-121.76023258450914,167,1
ReAtlas_us_geothermal.91,47.50012271500939,-100.08427061324039,91,3
ReAtlas_us_geothermal.76,45.916592988574834,-119.45965473143482,76,1
ReAtlas_us_geothermal.84,45.20818271184102,-121.5428900427633,84,2
ReAtlas_us_geothermal.213,43.75421595873523,-121.52623089860086,213,1
ReAtlas_us_geothermal.62,46.45819716341764,-120.54288092002497,62,2
ReAtlas_us_geothermal.198,44.37496709111747,-108.04235951435044,198,3
ReAtlas_us_geothermal.46,46.79151784817471,-120.95954740219668,46,2
ReAtlas_us_geothermal.51,46.624842911737524,-121.45955954125753,51,2
ReAtlas_us_geothermal.182,44.29160350371843,-111.12581979531797,182,1
ReAtlas_us_geothermal.47,46.70818252413448,-121.376258097772,47,2
ReAtlas_us_geothermal.38,46.79151605688265,-121.29286820634971,38,2
ReAtlas_us_geothermal.65,46.542990019964485,-121.17099822053274,65,2
ReAtlas_us_geothermal.73,47.50711634560574,-120.99651263445537,73,3
ReAtlas_us_geothermal.579,36.249987542914305,-119.1677887122244,579,5
ReAtlas_us_geothermal.86,45.54158111710655,-122.29426806493242,86,4
ReAtlas_us_geothermal.87,45.54164815462214,-119.8348447054367,87,3
ReAtlas_us_geothermal.13,47.958243219900915,-118.6678604191475,13,2
ReAtlas_us_geothermal.487,37.5415919686749,-119.20930774893884,487,3
ReAtlas_us_geothermal.500,37.00013284306467,-121.62628655429805,500,2
ReAtlas_us_geothermal.615,37.57644985707122,-120.9645770740924,615,3
ReAtlas_us_geothermal.399,38.16660356654313,-122.87615514014428,399,2
ReAtlas_us_geothermal.724,33.45836767571035,-115.20916104388775,724,2
ReAtlas_us_geothermal.408,37.9582964388348,-122.50115025597145,408,2
ReAtlas_us_geothermal.416,37.87494022643548,-122.20943361373833,416,2
ReAtlas_us_geothermal.445,37.83329616217573,-120.91781139822831,445,5
ReAtlas_us_geothermal.475,37.125067233863064,-122.00115923549302,475,2
ReAtlas_us_geothermal.484,37.79325546956437,-121.1306393646532,484,5
ReAtlas_us_geothermal.296,40.12488363930546,-123.29282722316526,296,5
ReAtlas_us_geothermal.317,39.95822071419802,-121.45944079244617,317,4
ReAtlas_us_geothermal.333,39.83349299278203,-121.1680479437513,333,5
ReAtlas_us_geothermal.341,39.2082978202601,-122.87618292613448,341,2
ReAtlas_us_geothermal.344,39.54174483955275,-122.12697510035852,344,5
ReAtlas_us_geothermal.346,39.08323634909747,-123.0428312151119,346,2
ReAtlas_us_geothermal.348,40.08717430423543,-122.89021428424877,348,4
ReAtlas_us_geothermal.709,33.79169906558605,-115.04249272356662,709,2
ReAtlas_us_geothermal.766,33.16807640164607,-115.50415462131724,766,1
ReAtlas_us_geothermal.349,39.124901685565625,-122.12610850351905,349,5
ReAtlas_us_geothermal.371,38.79156982629931,-121.9594347956128,371,5
ReAtlas_us_geothermal.384,38.75080727217959,-122.87878744811894,384,2
ReAtlas_us_geothermal.351,38.916604685353995,-123.16788165297683,351,2
ReAtlas_us_geothermal.368,38.91657524383879,-122.12618279466605,368,4
ReAtlas_us_geothermal.388,38.95825167581509,-119.95936512516113,388,4
ReAtlas_us_geothermal.459,39.425732378774036,-120.82764423221309,459,3
ReAtlas_us_geothermal.201,42.37488653942484,-122.75154089121858,201,5
ReAtlas_us_geothermal.2,48.87488596516268,-122.45965065230442,2,5
ReAtlas_us_geothermal.242,41.583193747618225,-122.37617762693068,242,4
ReAtlas_us_geothermal.790,32.45840397174861,-114.3757966266017,790,1
ReAtlas_us_geothermal.784,32.62516808437849,-114.58431972139397,784,1
ReAtlas_us_geothermal.4,48.708190363448765,-122.33477794219908,4,5
ReAtlas_us_geothermal.10,48.41712438232446,-119.37801077048329,10,3
ReAtlas_us_geothermal.25,46.87484775263569,-121.95957948211887,25,5
ReAtlas_us_geothermal.30,46.791512182435504,-121.95958558905934,30,5
ReAtlas_us_geothermal.746,33.16673525066926,-114.66754691668157,746,2
ReAtlas_us_geothermal.705,33.87502736616539,-115.20916732618963,705,2
ReAtlas_us_geothermal.699,33.958358956739744,-115.29250554911837,699,2
ReAtlas_us_geothermal.767,33.210629057130376,-115.50550760931131,767,1
ReAtlas_us_geothermal.719,33.66726041201212,-115.62655576392262,719,2
ReAtlas_us_geothermal.689,34.37519188044121,-114.70944913733524,689,1
ReAtlas_us_geothermal.607,36.291657006406886,-114.37583616182332,607,2
ReAtlas_us_geothermal.682,34.45840613750143,-115.29266686395349,682,1
ReAtlas_us_geothermal.654,34.95845341344197,-115.08440469720904,654,2
ReAtlas_us_geothermal.656,35.25018092642947,-114.62665043086432,656,1
ReAtlas_us_geothermal.508,37.291685101272975,-119.20926691312118,508,5
ReAtlas_us_geothermal.486,37.124959330579415,-121.2927057372527,486,2
ReAtlas_us_geothermal.483,37.04168532769786,-121.95947807270812,483,3
ReAtlas_us_geothermal.456,37.624937535536525,-120.70937513937852,456,5
ReAtlas_us_geothermal.454,37.45827714709575,-121.70940834339015,454,2
ReAtlas_us_geothermal.466,37.33330880678068,-121.58448828965763,466,2
ReAtlas_us_geothermal.431,37.70827717261105,-121.95942544536757,431,2
ReAtlas_us_geothermal.56,46.541515934914806,-121.62624206002778,56,2
ReAtlas_us_geothermal.421,37.83330358274556,-122.08449636979063,421,2
ReAtlas_us_geothermal.222,43.37496405944537,-115.20949694504392,222,2
ReAtlas_us_geothermal.203,43.58361132276975,-114.79297358746896,203,2
ReAtlas_us_geothermal.534,37.33327454914938,-117.29262031574251,534,2
ReAtlas_us_geothermal.748,37.00296085304704,-119.46849341127916,748,3
ReAtlas_us_geothermal.355,38.791593822939184,-123.376139355226,355,2
ReAtlas_us_geothermal.357,39.20825447393143,-122.08467137399828,357,5
ReAtlas_us_geothermal.364,38.83335883911973,-122.75149435423131,364,1
ReAtlas_us_geothermal.335,39.58328750843779,-122.04290876591716,335,5
ReAtlas_us_geothermal.370,40.04161590418063,-115.20923664545896,370,2
ReAtlas_us_geothermal.376,39.95834093326546,-115.20928362352547,376,3
ReAtlas_us_geothermal.392,39.458273444758746,-116.95928244842383,392,2
ReAtlas_us_geothermal.427,38.87496521293271,-116.25094297576831,427,3
ReAtlas_us_geothermal.391,38.58327220514776,-121.83452727156964,391,5
ReAtlas_us_geothermal.398,38.66669290198081,-121.91854447137635,398,5
ReAtlas_us_geothermal.401,38.41661300933981,-121.66783859407295,401,5
ReAtlas_us_geothermal.406,38.29174401984289,-122.62693509846682,406,2
ReAtlas_us_geothermal.418,38.958988994131005,-120.33855703991992,418,5
ReAtlas_us_geothermal.433,39.04162159201532,-114.37585922017931,433,2
ReAtlas_us_geothermal.215,42.04154807616846,-122.54282961523381,215,4
ReAtlas_us_geothermal.223,42.29164585117674,-122.54357567396073,223,3
ReAtlas_us_geothermal.128,45.45831874074279,-108.66742822726161,128,5
ReAtlas_us_geothermal.437,39.00013078648207,-114.95950617101786,437,2
ReAtlas_us_geothermal.443,38.96039074159012,-120.38563474934054,443,5
ReAtlas_us_geothermal.230,41.83320533287117,-122.62619595006976,230,5
ReAtlas_us_geothermal.232,41.916560443762464,-122.58469086424702,232,5
ReAtlas_us_geothermal.236,42.12498883690803,-122.4192391867685,236,3
ReAtlas_us_geothermal.172,44.58328972557315,-110.29247820219152,172,1
ReAtlas_us_geothermal.233,41.8332245739422,-122.45952156177677,233,4
ReAtlas_us_geothermal.231,44.458321225885065,-99.62542893908153,231,4
ReAtlas_us_geothermal.240,41.62486154826501,-122.45956087207833,240,5
ReAtlas_us_geothermal.248,41.499886171163155,-122.29284708034015,248,3
ReAtlas_us_geothermal.210,44.24995662985544,-108.54239545071692,210,2
ReAtlas_us_geothermal.252,41.54155555577323,-121.79282561033446,252,1
ReAtlas_us_geothermal.267,41.12488671603542,-121.95946845938991,267,2
ReAtlas_us_geothermal.261,41.333220780530105,-122.20950548753845,261,3
ReAtlas_us_geothermal.269,42.37492022624491,-114.7092140143335,269,2
ReAtlas_us_geothermal.300,41.16782718255695,-121.63232451228066,300,1
ReAtlas_us_geothermal.265,41.16655681533734,-122.20950439958474,265,4
ReAtlas_us_geothermal.324,41.04155839669822,-114.79261289024532,324,2
ReAtlas_us_geothermal.266,41.166557758589406,-122.12617195900131,266,3
ReAtlas_us_geothermal.904,29.83354976768522,-91.79181701041057,904,5
ReAtlas_us_geothermal.923,29.879989909109902,-90.79977732492193,923,5
ReAtlas_us_geothermal.906,29.91705116581751,-93.95885530252627,906,5
ReAtlas_us_geothermal.907,29.95950286632329,-94.16789240888897,907,5
ReAtlas_us_geothermal.914,29.87575534095984,-97.79335948105256,914,5
ReAtlas_us_geothermal.903,30.33408559917587,-96.29410503176814,903,2
ReAtlas_us_geothermal.929,30.156566340715017,-92.6602377634041,929,4
ReAtlas_us_geothermal.911,30.000441111165983,-100.58475662764454,911,3
ReAtlas_us_geothermal.886,30.125226034734098,-101.66711952478624,886,3
ReAtlas_us_geothermal.897,30.000732968935168,-101.87604014483554,897,3
ReAtlas_us_geothermal.881,30.208587418172968,-101.87546113602173,881,3
ReAtlas_us_geothermal.895,30.000432287220846,-102.25083719790564,895,3
ReAtlas_us_geothermal.889,29.875184060084244,-104.54213802075904,889,2
ReAtlas_us_geothermal.905,30.08613970530169,-103.50468091554438,905,3
ReAtlas_us_geothermal.898,30.29903046414863,-102.96640458852767,898,4
ReAtlas_us_geothermal.175,44.458295488895196,-110.29244739689531,175,1
ReAtlas_us_geothermal.868,30.750177722298325,-104.41728818300587,868,3
ReAtlas_us_geothermal.885,30.375396822119058,-104.75166333079056,885,2
ReAtlas_us_geothermal.93,47.250143359616374,-102.66765976112299,93,2
ReAtlas_us_geothermal.866,30.9587264779407,-103.66767409282198,866,5
ReAtlas_us_geothermal.865,30.791839274667545,-105.00053281858521,865,2
ReAtlas_us_geothermal.192,44.50014789216714,-109.37631783702454,192,5
ReAtlas_us_geothermal.227,44.91860655606317,-104.84161028385185,227,4
ReAtlas_us_geothermal.178,44.62497341931206,-110.16771487843619,178,1
ReAtlas_us_geothermal.189,44.333293135461545,-110.20914800955231,189,1
ReAtlas_us_geothermal.195,44.249960840513126,-110.0424668404367,195,2
ReAtlas_us_geothermal.934,28.959376362002466,-97.37730361059909,934,2
ReAtlas_us_geothermal.188,44.33331298672204,-110.33420371369832,188,1
ReAtlas_us_geothermal.162,44.624965588710154,-110.91749853818746,162,1
ReAtlas_us_geothermal.177,44.62556235916392,-110.54377471720531,177,1
ReAtlas_us_geothermal.187,44.291642843555934,-110.5008199408698,187,1
ReAtlas_us_geothermal.194,44.20830637350877,-110.50081629243024,194,1
ReAtlas_us_geothermal.171,44.45826779172583,-111.12580526128312,171,1
ReAtlas_us_geothermal.185,44.458759134196455,-110.66862294412402,185,1
ReAtlas_us_geothermal.181,44.45846711060676,-110.7095448647921,181,1
ReAtlas_us_geothermal.184,44.41666912201859,-111.04280190823232,184,1
ReAtlas_us_geothermal.169,44.41735020948333,-112.25200879259518,169,2
ReAtlas_us_geothermal.54,48.8750297827874,-100.54212165034005,54,3
ReAtlas_us_geothermal.55,48.62562260236091,-107.46053693280325,55,3
ReAtlas_us_geothermal.28,49.000102184866094,-105.2924111543305,28,2
ReAtlas_us_geothermal.33,49.0417167507765,-102.25050327938231,33,2
ReAtlas_us_geothermal.23,49.04169161997981,-105.4589122383133,23,2
ReAtlas_us_geothermal.24,49.041700642800734,-105.12556022909129,24,2
ReAtlas_us_geothermal.749,32.708403425967624,-116.37587099221511,749,5
ReAtlas_us_geothermal.756,32.75008973817984,-116.08426344433136,756,3
ReAtlas_us_geothermal.752,32.66673871672308,-116.70922588125228,752,4
ReAtlas_us_geothermal.745,32.62506506645345,-117.0425473204811,745,2
ReAtlas_us_geothermal.747,32.750084589739735,-116.50093710224391,747,5
ReAtlas_us_geothermal.744,32.70840308109654,-117.04255207893132,744,2
ReAtlas_us_geothermal.753,32.79175413320209,-116.25096978419509,753,3
ReAtlas_us_geothermal.751,32.791755083172546,-116.33430629218662,751,4
ReAtlas_us_geothermal.737,32.958396654663176,-116.37587474894752,737,3
ReAtlas_us_geothermal.735,32.958399190877536,-116.45920460145541,735,4
ReAtlas_us_geothermal.665,34.541672192495625,-115.95918819197928,665,2
ReAtlas_us_geothermal.742,33.5851556387861,-116.34063455662789,742,4
ReAtlas_us_geothermal.739,32.791729668963676,-117.1258846701507,739,2
ReAtlas_us_geothermal.734,32.87506266708469,-117.1258848854855,734,2
ReAtlas_us_geothermal.750,32.87512672582309,-116.87629211429697,750,3
ReAtlas_us_geothermal.758,33.20855759201036,-116.12714456264646,758,2
ReAtlas_us_geothermal.754,33.08363702599239,-116.66894964649569,754,5
ReAtlas_us_geothermal.743,33.29177343752404,-116.29318192848598,743,3
ReAtlas_us_geothermal.138,45.70836033588101,-102.33383141431511,138,2
ReAtlas_us_geothermal.660,34.75005864922417,-115.70929165884922,660,1
ReAtlas_us_geothermal.722,33.877831550269285,-116.42444775413165,722,3
ReAtlas_us_geothermal.644,35.54190659458292,-115.91868696491349,644,1
ReAtlas_us_geothermal.573,36.791639028664136,-115.87588544265432,573,2
ReAtlas_us_geothermal.216,43.29157809738938,-115.45928150695639,216,2
ReAtlas_us_geothermal.209,43.29157711723469,-115.95929255609414,209,2
ReAtlas_us_geothermal.205,43.45823537630326,-115.54267822637553,205,2
ReAtlas_us_geothermal.186,43.99997108705258,-115.62682682811311,186,2
ReAtlas_us_geothermal.97,46.21502578295733,-117.68765552734465,97,3
ReAtlas_us_geothermal.150,44.87497451572397,-110.25081157357795,150,2
ReAtlas_us_geothermal.489,37.62494998885406,-118.62598890067429,489,2
ReAtlas_us_geothermal.347,40.37529025352213,-116.54349340805689,347,1
ReAtlas_us_geothermal.239,42.54174239674883,-118.29336659057142,239,3
ReAtlas_us_geothermal.119,46.5835950795634,-99.91821249575833,119,5
ReAtlas_us_geothermal.117,46.62610597276925,-103.17060220749204,117,2
ReAtlas_us_geothermal.156,44.791616517252145,-110.12577449997352,156,2
ReAtlas_us_geothermal.286,41.70830273367622,-116.542858027883,286,3
ReAtlas_us_geothermal.124,45.9584497150541,-106.91789181781854,124,2
ReAtlas_us_geothermal.158,44.7085486932186,-110.58427727083449,158,1
ReAtlas_us_geothermal.157,44.70828590067853,-110.8757994521361,157,1
ReAtlas_us_geothermal.146,44.958395008418236,-110.33419997221583,146,3
ReAtlas_us_geothermal.143,44.95834230413791,-110.62586960443531,143,2
ReAtlas_us_geothermal.149,44.875215108321136,-110.58427371030996,149,1
ReAtlas_us_geothermal.155,44.62491278805072,-111.62576723456075,155,2
ReAtlas_us_geothermal.154,44.75000227464188,-111.0426298979969,154,1
ReAtlas_us_geothermal.152,44.708272817901545,-111.37581440072623,152,2
ReAtlas_us_geothermal.148,44.87500628081416,-110.95918089822197,148,2
ReAtlas_us_geothermal.141,44.958298236681976,-110.83416445776462,141,2
ReAtlas_us_geothermal.153,44.75000159807523,-111.20930500417859,153,2
ReAtlas_us_geothermal.144,44.87494032759632,-111.12580762090874,144,2
ReAtlas_us_geothermal.130,45.33333932662908,-110.20927391800456,130,5
ReAtlas_us_geothermal.142,45.37829956856365,-108.96356115438962,142,5
ReAtlas_us_geothermal.145,45.042510530921675,-111.71148125846014,145,3
ReAtlas_us_geothermal.114,45.66662061675461,-111.70920631282391,114,2
ReAtlas_us_geothermal.139,45.12602796145055,-113.08823071272539,139,3
ReAtlas_us_geothermal.101,46.20833534821312,-112.54299950917064,101,2
ReAtlas_us_geothermal.81,46.583293925680266,-113.91772638633137,81,2
ReAtlas_us_geothermal.89,46.500687712313656,-113.91951812448022,89,2
ReAtlas_us_geothermal.90,46.875048795507816,-108.54245325585129,90,2
ReAtlas_us_geothermal.98,46.79171850476468,-107.95948910782437,98,2
ReAtlas_us_geothermal.716,33.29171528776132,-117.29256045553032,716,2
ReAtlas_us_geothermal.732,33.33338138866738,-116.4593435727812,732,3
ReAtlas_us_geothermal.701,33.79175315495037,-116.12589908149289,701,3
ReAtlas_us_geothermal.688,34.08353198809199,-116.62624609556107,688,5
ReAtlas_us_geothermal.710,33.709371226911614,-117.83641239131927,710,2
ReAtlas_us_geothermal.668,34.04168350282328,-118.37593243239269,668,2
ReAtlas_us_geothermal.648,35.0416819139764,-116.33422958844409,648,2
ReAtlas_us_geothermal.659,34.74999576287781,-116.12592965658277,659,2
ReAtlas_us_geothermal.641,35.12499851476503,-116.45921405106336,641,2
ReAtlas_us_geothermal.638,35.20832260699035,-116.54254629052943,638,2
ReAtlas_us_geothermal.136,44.37490808062907,-116.45934403064908,136,2
ReAtlas_us_geothermal.642,34.99998818696324,-117.3759278647135,642,2
ReAtlas_us_geothermal.122,44.70822683042219,-117.0427035361217,122,2
ReAtlas_us_geothermal.120,45.45871095728743,-116.42134520335435,120,3
ReAtlas_us_geothermal.82,45.918013451384596,-119.17042317106436,82,2
ReAtlas_us_geothermal.80,45.7507646649404,-121.12961635292979,80,3
ReAtlas_us_geothermal.448,38.2082618167602,-119.126104075733,448,2
ReAtlas_us_geothermal.453,38.04165378128762,-119.79303735564761,453,5
ReAtlas_us_geothermal.628,35.33337705130864,-116.70933190783887,628,2
ReAtlas_us_geothermal.634,35.083305982388666,-117.79260803189328,634,2
ReAtlas_us_geothermal.653,34.45868113515203,-119.04362808436176,653,3
ReAtlas_us_geothermal.476,37.208288813841314,-121.45939750969455,476,2
ReAtlas_us_geothermal.627,35.249982099945264,-117.4592654121393,627,2
ReAtlas_us_geothermal.620,35.45856297969526,-117.08434308983612,620,2
ReAtlas_us_geothermal.633,34.749994283520415,-120.29280134560747,633,2
ReAtlas_us_geothermal.501,37.374887150941845,-119.29257808238407,501,5
ReAtlas_us_geothermal.576,36.70835780388637,-116.29261039221399,576,2
ReAtlas_us_geothermal.567,36.79163764760472,-116.4592456966696,567,2
ReAtlas_us_geothermal.630,35.50159488840532,-120.80047865525555,630,2
ReAtlas_us_geothermal.207,43.33327801674261,-116.0843857493602,207,3
ReAtlas_us_geothermal.137,44.37490393555173,-116.20934037167126,137,2
ReAtlas_us_geothermal.465,37.74993693287398,-119.54270726557334,465,5
ReAtlas_us_geothermal.474,37.62494491398854,-119.54267705015664,474,5
ReAtlas_us_geothermal.496,37.54163794601244,-119.4178259991119,496,5
ReAtlas_us_geothermal.502,36.99996136761309,-121.20941918838281,502,2
ReAtlas_us_geothermal.518,37.0000654074477,-120.1678654141501,518,5
ReAtlas_us_geothermal.334,39.95825484513427,-120.12606536027161,334,2
ReAtlas_us_geothermal.526,37.33327753957193,-118.12602719188789,526,2
ReAtlas_us_geothermal.529,37.37786886607947,-120.75799522143146,529,4
ReAtlas_us_geothermal.311,40.66660373081289,-119.16772728932528,311,3
ReAtlas_us_geothermal.37,48.95837837335454,-103.20883370532192,37,2
ReAtlas_us_geothermal.327,39.79156358118239,-121.54277346139523,327,5
ReAtlas_us_geothermal.332,40.25004877691813,-119.25142171230982,332,3
ReAtlas_us_geothermal.345,39.7082536730872,-119.95939034020412,345,2
ReAtlas_us_geothermal.353,39.54158601499066,-119.87604810959428,353,2
ReAtlas_us_geothermal.380,39.543724875441136,-120.71492642832686,380,4
ReAtlas_us_geothermal.385,39.33332103424881,-118.79294774699284,385,1
ReAtlas_us_geothermal.386,39.37498963507119,-119.20985934775575,386,3
ReAtlas_us_geothermal.258,41.5415678591555,-121.2094493019998,258,2
ReAtlas_us_geothermal.260,41.54156504783003,-121.04278275207807,260,2
ReAtlas_us_geothermal.330,40.87528535208221,-116.37686664893866,330,3
ReAtlas_us_geothermal.99,46.70835869024265,-85.75022474342046,99,5
ReAtlas_us_geothermal.52,49.00090208722207,-95.83413542031997,52,5
ReAtlas_us_geothermal.44,49.041700974259676,-98.75046716740212,44,3
ReAtlas_us_geothermal.100,46.91675016269614,-104.37590513563663,100,2
ReAtlas_us_geothermal.14,48.958469821429695,-111.33428571508404,14,4
ReAtlas_us_geothermal.78,47.833838326233526,-102.83541204114226,78,2
ReAtlas_us_geothermal.211,43.375079012387836,-76.70803525487253,211,5
ReAtlas_us_geothermal.102,46.83354076481827,-105.70986173522854,102,3
ReAtlas_us_geothermal.41,48.95837307787905,-102.4588127877052,41,2
ReAtlas_us_geothermal.275,42.58378217104413,-76.79329910592898,275,3
ReAtlas_us_geothermal.271,42.91765314825424,-77.96179015157799,271,5
ReAtlas_us_geothermal.39,49.001118901735225,-102.83465478347148,39,2
ReAtlas_us_geothermal.79,47.75028346266817,-106.41926874587514,79,2
ReAtlas_us_geothermal.74,48.25303932631565,-104.59201544148331,74,2
ReAtlas_us_geothermal.582,36.62516421439701,-75.87466537576626,582,5
ReAtlas_us_geothermal.66,48.16686333214648,-107.4596705079322,66,4
ReAtlas_us_geothermal.77,47.25017014253927,-109.79307469927551,77,5
ReAtlas_us_geothermal.63,48.04177803678658,-109.58448192455802,63,5
ReAtlas_us_geothermal.57,48.29169339174798,-109.41743212276492,57,4
ReAtlas_us_geothermal.60,48.58370754166929,-108.37810277002708,60,5
ReAtlas_us_geothermal.67,48.04293680341089,-109.71215496221072,67,5
ReAtlas_us_geothermal.69,47.54168600788647,-112.37615996294923,69,2
ReAtlas_us_geothermal.45,48.708951959851966,-109.37791565880184,45,3
ReAtlas_us_geothermal.50,48.29167604216647,-111.00100862001739,50,4
ReAtlas_us_geothermal.85,47.125699816103456,-112.50577225025933,85,2
ReAtlas_us_geothermal.59,48.58804802750075,-109.63436649947695,59,3
ReAtlas_us_geothermal.83,47.98030940477106,-110.21286838247727,83,4
ReAtlas_us_geothermal.42,48.54530765654677,-111.84100370599151,42,5
ReAtlas_us_geothermal.72,48.21511678379546,-111.43685248421195,72,5
ReAtlas_us_geothermal.20,48.708510950066824,-112.87709637841027,20,4
ReAtlas_us_geothermal.64,47.45863140406201,-115.79426044657802,64,2
ReAtlas_us_geothermal.606,36.12516906473596,-76.45801262299327,606,5
ReAtlas_us_geothermal.590,36.75074543489857,-76.62589721467432,590,3
ReAtlas_us_geothermal.624,35.75023359664659,-76.04169759213062,624,4
ReAtlas_us_geothermal.631,35.70885113789302,-76.29237877052822,631,5
ReAtlas_us_geothermal.12,48.95845033799899,-112.25102950875828,12,4
ReAtlas_us_geothermal.513,37.87513777012924,-76.20802109982827,513,4
ReAtlas_us_geothermal.635,36.92337192157148,-77.10352235309728,635,4
ReAtlas_us_geothermal.34,48.291703389947344,-112.54286149216611,34,4
ReAtlas_us_geothermal.71,45.20844630742158,-67.16616153461422,71,3
ReAtlas_us_geothermal.118,44.16711071421936,-70.54202033440956,118,3
ReAtlas_us_geothermal.400,39.291784086412605,-75.12464722198092,400,5
ReAtlas_us_geothermal.121,44.62511663674136,-73.87485676313528,121,5
ReAtlas_us_geothermal.125,44.04235695003817,-71.29252081125546,125,3
ReAtlas_us_geothermal.147,43.500153456424606,-71.6246925001729,147,5
ReAtlas_us_geothermal.295,43.26157761131853,-72.51574577459871,295,5
ReAtlas_us_geothermal.161,43.20849059700189,-70.70826107866867,161,5
ReAtlas_us_geothermal.245,42.7534241526941,-71.96845589694036,245,4
ReAtlas_us_geothermal.140,45.4838727656534,-69.5037694699416,140,4
ReAtlas_us_geothermal.70,45.50007871862807,-67.45790297916963,70,3
ReAtlas_us_geothermal.247,43.166740927973116,-78.95821994665292,247,5
ReAtlas_us_geothermal.425,39.375111448990914,-78.95813926514018,425,5
ReAtlas_us_geothermal.589,36.416844157755925,-75.7913506966311,589,5
ReAtlas_us_geothermal.603,36.04184644842596,-75.62464514188474,603,4
ReAtlas_us_geothermal.599,36.16684395148196,-75.70800745923015,599,4
ReAtlas_us_geothermal.608,35.87517457550996,-75.54130017003155,608,4
ReAtlas_us_geothermal.618,35.791957311704095,-75.83339534582683,618,3
ReAtlas_us_geothermal.651,35.00017728585392,-76.29134581890372,651,5
ReAtlas_us_geothermal.655,34.791843243807165,-76.45800296602536,655,5
ReAtlas_us_geothermal.626,35.79229477533258,-76.83387815766261,626,5
ReAtlas_us_geothermal.394,39.50018364295463,-75.37481888867538,394,5
ReAtlas_us_geothermal.409,39.70842998179042,-78.87478973737265,409,5
ReAtlas_us_geothermal.417,39.50010410015693,-78.87479942406682,417,5
ReAtlas_us_geothermal.423,38.958453624779835,-76.12469568026242,423,5
ReAtlas_us_geothermal.439,38.79182012672796,-76.24972041288888,439,5
ReAtlas_us_geothermal.449,38.666960185982155,-75.20869729949737,449,5
ReAtlas_us_geothermal.221,42.12511215396852,-70.12450432240544,221,5
ReAtlas_us_geothermal.224,42.04177883382177,-70.04116454863637,224,5
ReAtlas_us_geothermal.238,41.83356714715091,-70.08321540057241,238,5
ReAtlas_us_geothermal.284,41.1251115244531,-72.3745601053426,284,5
ReAtlas_us_geothermal.315,40.836757262931776,-72.87785092379283,315,5
ReAtlas_us_geothermal.11,47.33349934432871,-68.16641196693621,11,5
ReAtlas_us_geothermal.277,43.88778625638325,-71.69748487157062,277,5
ReAtlas_us_geothermal.645,34.875098096099144,-118.08449761033316,645,2
ReAtlas_us_geothermal.595,35.95829700294962,-117.87592937628438,595,2
ReAtlas_us_geothermal.612,35.16666891665547,-120.16782012388933,612,2
ReAtlas_us_geothermal.611,35.66663585258194,-117.79265681667948,611,2
ReAtlas_us_geothermal.597,35.29165400459356,-120.70936227691502,597,3
ReAtlas_us_geothermal.586,36.12494876596806,-117.95926996226939,586,2
ReAtlas_us_geothermal.588,35.874963989571306,-118.95928758143236,588,5
ReAtlas_us_geothermal.594,35.374984766057864,-120.79270583339144,594,3
ReAtlas_us_geothermal.585,35.9999619498806,-119.04264680338466,585,5
ReAtlas_us_geothermal.553,36.87494057380411,-118.04261426175714,553,2
ReAtlas_us_geothermal.592,36.16686604024799,-119.16895298752192,592,5
ReAtlas_us_geothermal.605,36.417346619528246,-118.7554228469414,605,5
ReAtlas_us_geothermal.596,36.58433306101378,-118.9229791168897,596,5
ReAtlas_us_geothermal.610,36.50281865124206,-119.01262532021897,610,4
ReAtlas_us_geothermal.577,36.41661353761402,-117.8759592098182,577,2
ReAtlas_us_geothermal.598,35.45849167948689,-120.79321802216035,598,2
ReAtlas_us_geothermal.600,35.58340934405882,-120.33484749137946,600,2
ReAtlas_us_geothermal.563,36.62493964197045,-117.95927128986321,563,2
ReAtlas_us_geothermal.226,42.70823343302762,-118.3760468929107,226,2
ReAtlas_us_geothermal.174,43.5415592154503,-117.29270666696144,174,2
ReAtlas_us_geothermal.170,43.75005584382585,-117.3765907929681,170,3
ReAtlas_us_geothermal.159,43.70833891564534,-118.25137545340723,159,1
ReAtlas_us_geothermal.116,44.79162275204241,-117.29278723199025,116,2
ReAtlas_us_geothermal.225,43.334705168793135,-119.09160588022146,225,3
ReAtlas_us_geothermal.619,35.374978540321365,-117.37590729324631,619,2
ReAtlas_us_geothermal.110,44.99989708599435,-117.45943110144083,110,2
ReAtlas_us_geothermal.103,45.20821207393021,-117.62607367200789,103,2
ReAtlas_us_geothermal.68,47.29520377983843,-118.5967279294864,68,2
ReAtlas_us_geothermal.623,35.041641551663155,-118.70928327577005,623,2
ReAtlas_us_geothermal.15,47.87488163466036,-118.87615850802405,15,2
ReAtlas_us_geothermal.622,35.29164142345186,-117.87596486959629,622,2
ReAtlas_us_geothermal.632,35.00008975737843,-118.16774587206609,632,2
ReAtlas_us_geothermal.16,47.958232529408846,-117.87610889278682,16,2
ReAtlas_us_geothermal.447,37.70827642894316,-120.79273015961027,447,5
ReAtlas_us_geothermal.455,37.916597563898904,-119.62605481204159,455,5
ReAtlas_us_geothermal.457,38.125052192470505,-118.66791759436708,457,1
ReAtlas_us_geothermal.458,37.54161126440519,-120.6260567617899,458,5
ReAtlas_us_geothermal.463,37.74994014154752,-119.6260479084319,463,5
ReAtlas_us_geothermal.468,37.45828053123942,-120.54271444199688,468,5
ReAtlas_us_geothermal.478,38.2503089053589,-119.62867831470399,478,4
ReAtlas_us_geothermal.479,37.66665515197489,-119.29274617700963,479,3
ReAtlas_us_geothermal.503,37.124960639736685,-120.37603747710148,503,5
ReAtlas_us_geothermal.492,37.49997558224275,-119.45935111156959,492,5
ReAtlas_us_geothermal.497,37.208295205568895,-120.45937562369093,497,5
ReAtlas_us_geothermal.498,37.291640708490796,-120.41783095939678,498,5
ReAtlas_us_geothermal.499,37.70839711929215,-118.33456148695888,499,2
ReAtlas_us_geothermal.505,37.124954790030834,-120.29270503905354,505,5
ReAtlas_us_geothermal.516,37.0416239277137,-120.12602557644252,516,5
ReAtlas_us_geothermal.520,36.95835481571237,-119.87605947497696,520,5
ReAtlas_us_geothermal.304,40.45824451786591,-120.79276305994094,304,2
ReAtlas_us_geothermal.308,40.37490718283077,-120.8760951071394,308,2
ReAtlas_us_geothermal.339,39.708263356989875,-120.83446128538884,339,5
ReAtlas_us_geothermal.343,40.5419432730089,-117.62759536030839,343,2
ReAtlas_us_geothermal.379,39.12491754161041,-119.70937150157542,379,2
ReAtlas_us_geothermal.450,38.91784512161603,-118.13169125009495,450,3
ReAtlas_us_geothermal.372,39.2499153800499,-119.79273293773329,372,2
ReAtlas_us_geothermal.375,39.45826621372723,-118.12598620990008,375,2
ReAtlas_us_geothermal.235,42.458235867601424,-118.45937671765338,235,2
ReAtlas_us_geothermal.257,42.166684837182984,-118.66812259107053,257,1
ReAtlas_us_geothermal.951,27.37532731621198,-99.41708456371089,951,2
ReAtlas_us_geothermal.935,29.002416033543454,-96.29574801108333,935,4
ReAtlas_us_geothermal.936,28.542104945130454,-96.45841620334659,936,3
ReAtlas_us_geothermal.937,28.541835490610936,-96.20878997002711,937,4
ReAtlas_us_geothermal.919,28.416959576982876,-80.70813996307419,919,5
ReAtlas_us_geothermal.944,28.04212591947305,-97.62568006316263,944,4
ReAtlas_us_geothermal.945,27.292392700739732,-82.08426998970444,945,5
ReAtlas_us_geothermal.925,28.16696908707457,-80.62480638814964,925,5
ReAtlas_us_geothermal.928,28.000315583449634,-80.54147384457036,928,5
ReAtlas_us_geothermal.930,27.83365268155852,-80.45813904203649,930,5
ReAtlas_us_geothermal.932,28.75029973300601,-96.4169825919709,932,3
ReAtlas_us_geothermal.922,29.417004934998673,-100.8339599163487,922,5
ReAtlas_us_geothermal.909,29.75025475726617,-97.75035164864107,909,5
ReAtlas_us_geothermal.883,29.79194223675627,-85.12497080151448,883,3
ReAtlas_us_geothermal.921,29.20855270037071,-103.04212832099216,921,2
ReAtlas_us_geothermal.926,29.417220428197894,-100.87633328637457,926,4
ReAtlas_us_geothermal.924,29.125372478729297,-103.20903775644456,924,3
ReAtlas_us_geothermal.913,29.416889120617135,-103.50052324197668,913,2
ReAtlas_us_geothermal.938,27.542063172791096,-80.33326346439401,938,5
ReAtlas_us_geothermal.939,28.54205084150348,-96.66712545735561,939,3
ReAtlas_us_geothermal.940,27.25031775715783,-80.20811354934267,940,5
ReAtlas_us_geothermal.941,27.08367400255659,-80.12479715680385,941,5
ReAtlas_us_geothermal.942,27.333666719409152,-82.12484691488021,942,4
ReAtlas_us_geothermal.943,28.125302146192986,-97.04195204346786,943,3
ReAtlas_us_geothermal.946,26.875367654969423,-82.16651073274684,946,5
ReAtlas_us_geothermal.947,27.833853931798167,-99.66756649807314,947,2
ReAtlas_us_geothermal.948,26.708686086461448,-80.0415373247364,948,5
ReAtlas_us_geothermal.949,28.04236397123129,-98.33530386443533,949,2
ReAtlas_us_geothermal.950,27.45866632290396,-97.8752943152432,950,3
ReAtlas_us_geothermal.952,26.042046614799816,-80.12481218621588,952,5
ReAtlas_us_geothermal.953,27.083654539367643,-99.37535334636198,953,2
ReAtlas_us_geothermal.954,26.958657118870775,-99.29199884754127,954,2
ReAtlas_us_geothermal.955,25.833719562462875,-80.20812571397178,955,5
ReAtlas_us_geothermal.956,25.62541809978447,-80.29147464198837,956,5
ReAtlas_us_geothermal.957,25.37541490358933,-80.41655483839256,957,5
ReAtlas_us_geothermal.959,26.417114714953044,-97.41728879464489,959,4
ReAtlas_us_geothermal.960,26.668761035194827,-98.54558720640966,960,2
ReAtlas_us_geothermal.962,26.04204655171734,-97.50029442850007,962,3
ReAtlas_us_geothermal.963,26.042037191168767,-97.29193551625912,963,3
